Index;Sport;Championnat;Événement;Formule pari;Prono;Prono ID;Cote;CA (PG);CA en %;Mises (PG);Mises en %;Mises single (PG);Mises single en %;% CA Single;Nb PDJ;Liability;Liability RU;Liability Single;Exposure;Payout;Mises combinés;Combinés perdants;Combinés en cours
108;;;;;30248126;;84,45;10 184;100 %;49 095;100 %;433;100 %;4 %;8 784;;;;;;48 662;33 184;15 478
108;Football;Liga Portugal;Sporting-Rio Ave;1/N/2 H;1;122619264;1,25;9 749;96 %;48 083;98 %;235;54 %;2 %;8 465;-7 005;-9 925;128;10 201;10 357;47 848;32 745;15 103
108;Football;Liga Portugal;Sporting-Rio Ave;1/N/2 H;N;122619263;4,3;175;2 %;512;1 %;23;5 %;13 %;208;3 952;3 462;337;1 269;825;489;237;252
108;Football;Liga Portugal;Sporting-Rio Ave;1/N/2 H;2;122619262;6,6;260;3 %;500;1 %;175;40 %;67 %;111;2 622;555;-576;4 022;2 146;325;202;123
109;;;;;30248170;;83,27;6 467;100 %;25 705;100 %;1 042;100 %;16 %;5 064;;;;;;24 663;16 881;7 782
109;Football;Liga Portugal;Sporting-Rio Ave;1/N/2 MT;1;122619504;1,25;5 785;89 %;23 747;92 %;879;84 %;15 %;4 369;-3 872;-4 943;-112;5 341;7 069;22 868;15 787;7 081
109;Football;Liga Portugal;Sporting-Rio Ave;1/N/2 MT;N;122619506;3;448;7 %;1 491;6 %;36;3 %;8 %;448;1 920;1 791;931;1 950;2 042;1 455;855;600
109;Football;Liga Portugal;Sporting-Rio Ave;1/N/2 MT;2;122619505;14,8;235;4 %;467;2 %;127;12 %;54 %;247;1 602;1 401;-621;2 443;2 378;340;239;101
453;;;;;30178105;;91,49;124 633;100 %;732 553;100 %;5 035;100 %;4 %;121 709;;;;;;727 518;492 600;234 918
453;Football;Liga Portugal;Sporting-Rio Ave;1/N/2;1;122228716;1,07;121 498;97 %;726 239;99 %;3 352;67 %;3 %;119 321;-129 494;-280 673;1 347;282 764;178 773;722 887;489 710;233 177
453;Football;Liga Portugal;Sporting-Rio Ave;1/N/2;N;122228714;8,7;1 553;1 %;3 416;0 %;662;13 %;43 %;1 291;87 267;86 874;-180;16 375;16 909;2 754;1 603;1 151
453;Football;Liga Portugal;Sporting-Rio Ave;1/N/2;2;122228715;23;1 582;1 %;2 898;0 %;1 021;20 %;65 %;1 097;82 514;81 522;-13 654;21 598;21 664;1 877;1 287;590
855;;;;;30248116;;84,96;3 920;100 %;13 283;100 %;620;100 %;16 %;3 467;;;;;;12 663;7 050;5 613
855;Football;Liga Portugal;Sporting-Rio Ave;1/N/2 H;1;122619227;1,75;2 754;70 %;9 784;74 %;481;78 %;17 %;2 338;-545;-1 250;-209;1 756;1 632;9 303;5 587;3 716
855;Football;Liga Portugal;Sporting-Rio Ave;1/N/2 H;N;122619225;3,75;913;23 %;2 695;20 %;98;16 %;11 %;879;-2 276;-2 520;257;3 685;3 822;2 597;1 128;1 469
855;Football;Liga Portugal;Sporting-Rio Ave;1/N/2 H;2;122619226;2,95;253;6 %;804;6 %;41;7 %;16 %;250;1 107;1 094;497;357;446;763;335;428
6177;;;;;30263470;;13,39;28 707;100 %;84 266;100 %;7 860;100 %;27 %;14 391;;;;;;76 406;42 179;34 227
6177;Football;Liga Portugal;Sporting-Rio Ave;Buteur;Quaresma;122708735;13;6;0 %;12;0 %;0;0 %;0 %;4;11 540;11 540;7 860;0;0;12;0;12
6177;Football;Liga Portugal;Sporting-Rio Ave;Buteur;Alisson de Almeida Santos;122708752;2,6;7;0 %;21;0 %;0;0 %;0 %;5;11 540;11 540;7 860;0;0;21;8;13
6177;Football;Liga Portugal;Sporting-Rio Ave;Buteur;Ricardo Mangas;122708757;5,35;0;0 %;0;0 %;0;0 %;0 %;0;11 540;11 540;7 860;0;0;0;0;0
6177;Football;Liga Portugal;Sporting-Rio Ave;Buteur;Georgios Vagiannidis;122708749;11;13;0 %;23;0 %;2;0 %;15 %;6;11 516;11 516;7 836;22;24;21;0;21
6177;Football;Liga Portugal;Sporting-Rio Ave;Buteur;Francisco Trincao;122708729;2,35;3 197;11 %;6 837;8 %;1 535;20 %;48 %;1 379;6 190;6 113;4 175;3 793;5 296;5 302;2 503;2 799
6177;Football;Liga Portugal;Sporting-Rio Ave;Buteur;Fotis Ioannidis;122708744;1,95;1 174;4 %;3 469;4 %;177;2 %;15 %;652;11 070;11 008;7 514;346;465;3 292;1 266;2 026
6177;Football;Liga Portugal;Sporting-Rio Ave;Buteur;Rodrigo Ribeiro;122708742;2,1;58;0 %;200;0 %;1;0 %;2 %;66;11 538;11 538;7 858;1;2;199;130;69
6177;Football;Liga Portugal;Sporting-Rio Ave;Buteur;Hidemasa Morita;122708741;5,35;0;0 %;1;0 %;0;0 %;0 %;1;11 540;11 540;7 860;0;0;1;0;1
6177;Football;Liga Portugal;Sporting-Rio Ave;Buteur;Matheus Reis;122708725;8;1;0 %;1;0 %;0;0 %;0 %;1;11 540;11 540;7 860;0;0;1;1;0
6177;Football;Liga Portugal;Sporting-Rio Ave;Buteur;Maximiliano Araujo;122708734;2,85;894;3 %;1 396;2 %;677;9 %;76 %;220;9 584;9 419;5 930;1 429;1 943;719;339;380
6177;Football;Liga Portugal;Sporting-Rio Ave;Buteur;Morten Hjulmand;122708755;3,5;43;0 %;138;0 %;0;0 %;0 %;63;11 540;11 540;7 860;0;0;138;113;25
6177;Football;Liga Portugal;Sporting-Rio Ave;Buteur;Luis Javier Suarez;122708743;1,6;22 665;79 %;71 084;84 %;5 015;64 %;22 %;11 775;-16 149;-20 250;-242;23 237;27 133;66 069;37 459;28 610
6177;Football;Liga Portugal;Sporting-Rio Ave;Buteur;Goncalo Inacio;122708763;11;11;0 %;20;0 %;1;0 %;9 %;6;11 528;11 528;7 848;11;12;19;0;19
6177;Football;Liga Portugal;Sporting-Rio Ave;Buteur;Joao Pedro Aranuth Barrocas Simoes;122708737;5,35;0;0 %;0;0 %;0;0 %;0 %;0;11 540;11 540;7 860;0;0;0;0;0
6177;Football;Liga Portugal;Sporting-Rio Ave;Buteur;Goncalves, Flavio;122708727;2,65;12;0 %;55;0 %;0;0 %;0 %;26;11 540;11 540;7 860;0;0;55;53;2
6177;Football;Liga Portugal;Sporting-Rio Ave;Buteur;Giorgi Kochorashvili;122708738;3,55;5;0 %;17;0 %;0;0 %;0 %;3;11 540;11 540;7 860;0;0;17;2;15
6177;Football;Liga Portugal;Sporting-Rio Ave;Buteur;Blopa, Salvador;122708739;3,4;6;0 %;30;0 %;0;0 %;0 %;3;11 540;11 540;7 860;0;0;30;20;10
6177;Football;Liga Portugal;Sporting-Rio Ave;Buteur;Rafael Genuino Lobato;122708759;11;0;0 %;0;0 %;0;0 %;0 %;0;11 540;11 540;7 860;0;0;0;0;0
6177;Football;Liga Portugal;Sporting-Rio Ave;Buteur;Karem Zoabi;122708758;9;1;0 %;3;0 %;0;0 %;0 %;1;11 540;11 540;7 860;0;0;3;0;3
6177;Football;Liga Portugal;Sporting-Rio Ave;Buteur;Andre Luiz;122708728;9;81;0 %;118;0 %;62;1 %;77 %;35;10 993;10 993;7 367;483;547;56;34;22
6177;Football;Liga Portugal;Sporting-Rio Ave;Buteur;Jonathan Panzo;122708730;25;0;0 %;0;0 %;0;0 %;0 %;0;11 540;11 540;7 860;0;0;0;0;0
6177;Football;Liga Portugal;Sporting-Rio Ave;Buteur;Dario Spikic;122708761;9,5;20;0 %;20;0 %;20;0 %;100 %;2;11 350;11 350;7 670;170;190;0;0;0
6177;Football;Liga Portugal;Sporting-Rio Ave;Buteur;Nelson Abbey;122708726;25;0;0 %;0;0 %;0;0 %;0 %;0;11 540;11 540;7 860;0;0;0;0;0
6177;Football;Liga Portugal;Sporting-Rio Ave;Buteur;Joao Graca;122708753;17;0;0 %;0;0 %;0;0 %;0 %;0;11 540;11 540;7 860;0;0;0;0;0
6177;Football;Liga Portugal;Sporting-Rio Ave;Buteur;Clayton;122708746;5,65;361;1 %;659;1 %;220;3 %;61 %;117;9 893;9 817;6 658;1 487;1 636;439;245;194
6177;Football;Liga Portugal;Sporting-Rio Ave;Buteur;Andreas Ntoi;122708745;25;150;1 %;150;0 %;150;2 %;100 %;15;7 790;7 790;4 110;3 600;3 750;0;0;0
6177;Football;Liga Portugal;Sporting-Rio Ave;Buteur;Eric Emanuel da Silva Moreira;122708751;25;0;0 %;0;0 %;0;0 %;0 %;0;11 540;11 540;7 860;0;0;0;0;0
6177;Football;Liga Portugal;Sporting-Rio Ave;Buteur;Omar Richards;122708760;25;0;0 %;0;0 %;0;0 %;0 %;0;11 540;11 540;7 860;0;0;0;0;0
6177;Football;Liga Portugal;Sporting-Rio Ave;Buteur;Ole Pohlmann;122708747;9,5;2;0 %;8;0 %;0;0 %;0 %;7;11 540;11 540;7 860;0;0;8;5;3
6177;Football;Liga Portugal;Sporting-Rio Ave;Buteur;Julien Lomboto;122708736;20;0;0 %;0;0 %;0;0 %;0 %;0;11 540;11 540;7 860;0;0;0;0;0
6177;Football;Liga Portugal;Sporting-Rio Ave;Buteur;Marc Gual;122708740;9;1;0 %;3;0 %;0;0 %;0 %;3;11 503;11 503;7 860;36;37;3;0;3
6177;Football;Liga Portugal;Sporting-Rio Ave;Buteur;Joao Tome;122708731;25;0;0 %;0;0 %;0;0 %;0 %;0;11 540;11 540;7 860;0;0;0;0;0
6177;Football;Liga Portugal;Sporting-Rio Ave;Buteur;Francisco Petrasso;122708754;25;0;0 %;0;0 %;0;0 %;0 %;0;11 540;11 540;7 860;0;0;0;0;0
6177;Football;Liga Portugal;Sporting-Rio Ave;Buteur;Jakub Brabec;122708750;22;0;0 %;0;0 %;0;0 %;0 %;0;11 540;11 540;7 860;0;0;0;0;0
6177;Football;Liga Portugal;Sporting-Rio Ave;Buteur;Brandon Aguilera Zamora;122708748;15;0;0 %;1;0 %;0;0 %;0 %;1;11 540;11 540;7 860;0;0;1;1;0
6177;Football;Liga Portugal;Sporting-Rio Ave;Buteur;Antonis Papakanellos;122708756;9,5;0;0 %;0;0 %;0;0 %;0 %;0;11 540;11 540;7 860;0;0;0;0;0
6177;Football;Liga Portugal;Sporting-Rio Ave;Buteur;Georgios Liavas;122708732;17;0;0 %;0;0 %;0;0 %;0 %;0;11 540;11 540;7 860;0;0;0;0;0
6177;Football;Liga Portugal;Sporting-Rio Ave;Buteur;Nikolaos Athanasiou;122708762;22;0;0 %;0;0 %;0;0 %;0 %;0;11 540;11 540;7 860;0;0;0;0;0
6177;Football;Liga Portugal;Sporting-Rio Ave;Buteur;Pas de but;122708733;1,01;0;0 %;0;0 %;0;0 %;0 %;0;11 540;11 540;7 860;0;0;0;0;0
6178;;;;;30265654;;15,83;7 036;100 %;19 916;100 %;1 359;100 %;19 %;2 392;;;;;;18 557;7 708;10 849
6178;Football;Liga Portugal;Sporting-Rio Ave;Buteur ou son remplaçant marque;Luis Javier Suarez;122718809;1,52;4 560;65 %;14 545;73 %;205;15 %;4 %;1 555;-451;-798;1 043;2 028;2 190;14 340;6 551;7 789
6178;Football;Liga Portugal;Sporting-Rio Ave;Buteur ou son remplaçant marque;Fotis Ioannidis;122718812;1,85;530;8 %;928;5 %;344;25 %;65 %;126;1 203;1 203;722;342;692;584;164;420
6178;Football;Liga Portugal;Sporting-Rio Ave;Buteur ou son remplaçant marque;Rodrigo Ribeiro;122718800;2;27;0 %;89;0 %;0;0 %;0 %;11;1 895;1 895;1 359;0;0;89;14;75
6178;Football;Liga Portugal;Sporting-Rio Ave;Buteur ou son remplaçant marque;Francisco Trincao;122718783;2,2;991;14 %;2 909;15 %;173;13 %;17 %;450;1 484;1 484;977;230;411;2 736;697;2 039
6178;Football;Liga Portugal;Sporting-Rio Ave;Buteur ou son remplaçant marque;Alisson de Almeida Santos;122718791;2,5;11;0 %;35;0 %;0;0 %;0 %;5;1 895;1 895;1 359;0;0;35;1;34
6178;Football;Liga Portugal;Sporting-Rio Ave;Buteur ou son remplaçant marque;Goncalves, Flavio;122718803;2,6;5;0 %;14;0 %;0;0 %;0 %;11;1 881;1 881;1 359;13;14;14;10;4
6178;Football;Liga Portugal;Sporting-Rio Ave;Buteur ou son remplaçant marque;Maximiliano Araujo;122718792;2,75;338;5 %;677;3 %;166;12 %;49 %;136;1 357;1 269;903;408;488;511;209;302
6178;Football;Liga Portugal;Sporting-Rio Ave;Buteur ou son remplaçant marque;Blopa, Salvador;122718798;3,35;0;0 %;0;0 %;0;0 %;0 %;0;1 895;1 895;1 359;0;0;0;0;0
6178;Football;Liga Portugal;Sporting-Rio Ave;Buteur ou son remplaçant marque;Morten Hjulmand;122718790;3,5;4;0 %;9;0 %;0;0 %;0 %;5;1 708;1 708;1 359;183;188;9;1;8
6178;Football;Liga Portugal;Sporting-Rio Ave;Buteur ou son remplaçant marque;Giorgi Kochorashvili;122718813;3,55;0;0 %;2;0 %;0;0 %;0 %;1;1 895;1 895;1 359;0;0;2;0;2
6178;Football;Liga Portugal;Sporting-Rio Ave;Buteur ou son remplaçant marque;Clayton;122718804;5,7;142;2 %;202;1 %;108;8 %;76 %;47;1 220;1 220;769;565;675;94;35;59
6178;Football;Liga Portugal;Sporting-Rio Ave;Buteur ou son remplaçant marque;Ricardo Mangas;122718793;5,3;5;0 %;15;0 %;0;0 %;0 %;2;1 895;1 895;1 359;0;0;15;0;15
6178;Football;Liga Portugal;Sporting-Rio Ave;Buteur ou son remplaçant marque;Hidemasa Morita;122718808;5,4;0;0 %;0;0 %;0;0 %;0 %;0;1 895;1 895;1 359;0;0;0;0;0
6178;Football;Liga Portugal;Sporting-Rio Ave;Buteur ou son remplaçant marque;Joao Pedro Aranuth Barrocas Simoes;122718801;5,4;0;0 %;0;0 %;0;0 %;0 %;0;1 895;1 895;1 359;0;0;0;0;0
6178;Football;Liga Portugal;Sporting-Rio Ave;Buteur ou son remplaçant marque;Marc Gual;122718807;8,75;0;0 %;0;0 %;0;0 %;0 %;0;1 895;1 895;1 359;0;0;0;0;0
6178;Football;Liga Portugal;Sporting-Rio Ave;Buteur ou son remplaçant marque;Andre Luiz;122718796;8,75;63;1 %;116;1 %;17;1 %;27 %;16;1 760;1 760;1 232;117;135;99;4;95
6178;Football;Liga Portugal;Sporting-Rio Ave;Buteur ou son remplaçant marque;Karem Zoabi;122718795;9;0;0 %;0;0 %;0;0 %;0 %;0;1 895;1 895;1 359;0;0;0;0;0
6178;Football;Liga Portugal;Sporting-Rio Ave;Buteur ou son remplaçant marque;Dario Spikic;122718797;9,75;261;4 %;261;1 %;261;19 %;100 %;8;-454;-454;-990;2 088;2 349;0;0;0
6178;Football;Liga Portugal;Sporting-Rio Ave;Buteur ou son remplaçant marque;Ole Pohlmann;122718810;9,75;0;0 %;0;0 %;0;0 %;0 %;0;1 895;1 895;1 359;0;0;0;0;0
6178;Football;Liga Portugal;Sporting-Rio Ave;Buteur ou son remplaçant marque;Antonis Papakanellos;122718811;9,25;0;0 %;0;0 %;0;0 %;0 %;0;1 895;1 895;1 359;0;0;0;0;0
6178;Football;Liga Portugal;Sporting-Rio Ave;Buteur ou son remplaçant marque;Matheus Reis;122718786;8;0;0 %;0;0 %;0;0 %;0 %;0;1 895;1 895;1 359;0;0;0;0;0
6178;Football;Liga Portugal;Sporting-Rio Ave;Buteur ou son remplaçant marque;Rafael Genuino Lobato;122718784;11,5;0;0 %;0;0 %;0;0 %;0 %;0;1 895;1 895;1 359;0;0;0;0;0
6178;Football;Liga Portugal;Sporting-Rio Ave;Buteur ou son remplaçant marque;Goncalo Inacio;122718794;11;96;1 %;107;1 %;85;6 %;89 %;14;960;960;424;850;935;22;19;3
6178;Football;Liga Portugal;Sporting-Rio Ave;Buteur ou son remplaçant marque;Brandon Aguilera Zamora;122718805;15;0;0 %;0;0 %;0;0 %;0 %;0;1 895;1 895;1 359;0;0;0;0;0
6178;Football;Liga Portugal;Sporting-Rio Ave;Buteur ou son remplaçant marque;Georgios Vagiannidis;122718785;11,5;1;0 %;2;0 %;0;0 %;0 %;1;1 895;1 895;1 359;0;0;2;0;2
6178;Football;Liga Portugal;Sporting-Rio Ave;Buteur ou son remplaçant marque;Joao Graca;122718789;18;0;0 %;0;0 %;0;0 %;0 %;0;1 895;1 895;1 359;0;0;0;0;0
6178;Football;Liga Portugal;Sporting-Rio Ave;Buteur ou son remplaçant marque;Georgios Liavas;122718802;18;0;0 %;0;0 %;0;0 %;0 %;0;1 895;1 895;1 359;0;0;0;0;0
6178;Football;Liga Portugal;Sporting-Rio Ave;Buteur ou son remplaçant marque;Quaresma;122718806;14;2;0 %;3;0 %;0;0 %;0 %;3;1 881;1 881;1 359;14;15;3;1;2
6178;Football;Liga Portugal;Sporting-Rio Ave;Buteur ou son remplaçant marque;Julien Lomboto;122718788;22;0;0 %;0;0 %;0;0 %;0 %;0;1 895;1 895;1 359;0;0;0;0;0
6178;Football;Liga Portugal;Sporting-Rio Ave;Buteur ou son remplaçant marque;Nikolaos Athanasiou;122718799;26;0;0 %;2;0 %;0;0 %;0 %;1;1 895;1 895;1 359;0;0;2;2;0
6178;Football;Liga Portugal;Sporting-Rio Ave;Buteur ou son remplaçant marque;Nelson Abbey;122718787;26;0;0 %;0;0 %;0;0 %;0 %;0;1 895;1 895;1 359;0;0;0;0;0
6180;;;;;30265652;;20,77;1 739;100 %;2 887;100 %;1 250;100 %;72 %;396;;;;;;1 637;732;905
6180;Football;Liga Portugal;Sporting-Rio Ave;Le Duo marque +1,5 buts ?;L.Javier Suarez+F.Ioannidis;122718758;1,85;259;15 %;610;21 %;133;11 %;51 %;94;1 127;1 127;999;118;251;477;302;175
6180;Football;Liga Portugal;Sporting-Rio Ave;Le Duo marque +1,5 buts ?;L.Javier Suarez+F.Trincao;122718761;2,1;957;55 %;1 626;56 %;642;51 %;67 %;212;-468;-482;-102;1 130;1 834;984;303;681
6180;Football;Liga Portugal;Sporting-Rio Ave;Le Duo marque +1,5 buts ?;L.Javier Suarez+A.de Almeida Santos;122718753;2,2;2;0 %;7;0 %;0;0 %;0 %;4;1 361;1 361;1 250;15;17;7;5;2
6180;Football;Liga Portugal;Sporting-Rio Ave;Le Duo marque +1,5 buts ?;L.Javier Suarez+M.Araujo;122718766;2,35;344;20 %;410;14 %;325;26 %;94 %;42;498;498;486;549;880;85;77;8
6180;Football;Liga Portugal;Sporting-Rio Ave;Le Duo marque +1,5 buts ?;F.Ioannidis+F.Trincao;122718764;2,6;153;9 %;167;6 %;150;12 %;98 %;7;988;988;860;240;390;17;16;1
6180;Football;Liga Portugal;Sporting-Rio Ave;Le Duo marque +1,5 buts ?;L.Javier Suarez+Clayton;122718767;2,95;14;1 %;37;1 %;0;0 %;0 %;17;1 168;1 159;1 250;194;205;37;8;29
6180;Football;Liga Portugal;Sporting-Rio Ave;Le Duo marque +1,5 buts ?;F.Ioannidis+A.de Almeida Santos;122718760;2,8;0;0 %;0;0 %;0;0 %;0 %;0;1 378;1 378;1 250;0;0;0;0;0
6180;Football;Liga Portugal;Sporting-Rio Ave;Le Duo marque +1,5 buts ?;F.Ioannidis+M.Araujo;122718765;3;0;0 %;0;0 %;0;0 %;0 %;0;1 378;1 378;1 250;0;0;0;0;0
6180;Football;Liga Portugal;Sporting-Rio Ave;Le Duo marque +1,5 buts ?;F.Trincao+A.de Almeida Santos;122718763;3,4;0;0 %;0;0 %;0;0 %;0 %;0;1 378;1 378;1 250;0;0;0;0;0
6180;Football;Liga Portugal;Sporting-Rio Ave;Le Duo marque +1,5 buts ?;F.Trincao+M.Araujo;122718755;3,7;10;1 %;30;1 %;0;0 %;0 %;20;1 193;1 190;1 250;181;184;30;21;9
6180;Football;Liga Portugal;Sporting-Rio Ave;Le Duo marque +1,5 buts ?;F.Ioannidis+Clayton;122718762;4,15;0;0 %;0;0 %;0;0 %;0 %;0;1 378;1 378;1 250;0;0;0;0;0
6180;Football;Liga Portugal;Sporting-Rio Ave;Le Duo marque +1,5 buts ?;A.de Almeida Santos+M.Araujo;122718756;4,15;0;0 %;0;0 %;0;0 %;0 %;0;1 378;1 378;1 250;0;0;0;0;0
6180;Football;Liga Portugal;Sporting-Rio Ave;Le Duo marque +1,5 buts ?;F.Trincao+Clayton;122718754;5,6;0;0 %;0;0 %;0;0 %;0 %;0;1 378;1 378;1 250;0;0;0;0;0
6180;Football;Liga Portugal;Sporting-Rio Ave;Le Duo marque +1,5 buts ?;A.de Almeida Santos+Clayton;122718759;6,7;0;0 %;0;0 %;0;0 %;0 %;0;1 378;1 378;1 250;0;0;0;0;0
6180;Football;Liga Portugal;Sporting-Rio Ave;Le Duo marque +1,5 buts ?;M.Araujo+Clayton;122718757;7,75;0;0 %;0;0 %;0;0 %;0 %;0;1 378;1 378;1 250;0;0;0;0;0
6409;;;;;30263459;;232,34;1 083;100 %;1 326;100 %;962;100 %;89 %;93;;;;;;364;134;230
6409;Football;Liga Portugal;Sporting-Rio Ave;Francisco Trincao marque & 1N2;Oui et Sporting;122708648;2,4;1 081;100 %;1 324;100 %;960;100 %;89 %;91;-1 513;-1 515;-1 342;1 517;2 485;364;134;230
6409;Football;Liga Portugal;Sporting-Rio Ave;Francisco Trincao marque & 1N2;Oui et Nul;122708646;89;0;0 %;0;0 %;0;0 %;0 %;0;973;973;962;0;0;0;0;0
6409;Football;Liga Portugal;Sporting-Rio Ave;Francisco Trincao marque & 1N2;Oui et Rio Ave;122708649;400;2;0 %;2;0 %;2;0 %;100 %;2;298;298;287;673;675;0;0;0
6409;Football;Liga Portugal;Sporting-Rio Ave;Francisco Trincao marque & 1N2;Autres;122708647;1;0;0 %;0;0 %;0;0 %;0 %;0;973;973;962;0;0;0;0;0
6436;;;;;30263477;;163,82;4 756;100 %;12 059;100 %;19;100 %;0 %;1 349;;;;;;12 040;3 027;9 013
6436;Football;Liga Portugal;Sporting-Rio Ave;Luis Javier Suarez marque & 1N2;Oui et Sporting;122708791;1,7;4 746;100 %;12 039;100 %;17;89 %;0 %;1 338;-395;-561;-10;563;466;12 022;3 023;8 999
6436;Football;Liga Portugal;Sporting-Rio Ave;Luis Javier Suarez marque & 1N2;Oui et Nul;122708788;55;8;0 %;17;0 %;0;0 %;0 %;8;139;139;19;0;0;17;4;13
6436;Football;Liga Portugal;Sporting-Rio Ave;Luis Javier Suarez marque & 1N2;Oui et Rio Ave;122708790;250;3;0 %;3;0 %;2;11 %;67 %;3;-191;-191;-311;328;330;1;0;1
6436;Football;Liga Portugal;Sporting-Rio Ave;Luis Javier Suarez marque & 1N2;Autres;122708789;1;0;0 %;0;0 %;0;0 %;0 %;0;139;139;19;0;0;0;0;0
6573;;;;;30265642;;27,19;11 678;100 %;18 015;100 %;7 708;100 %;66 %;1 349;;;;;;10 307;6 880;3 427
6573;Football;Liga Portugal;Sporting-Rio Ave;Buteur MT;Luis Javier Suarez;122718451;2,45;9 755;84 %;15 534;86 %;6 163;80 %;63 %;1 094;-8 988;-9 216;-7 579;10 788;16 827;9 371;6 095;3 276
6573;Football;Liga Portugal;Sporting-Rio Ave;Buteur MT;Fotis Ioannidis;122718442;3,15;358;3 %;498;3 %;271;4 %;76 %;40;7 089;7 089;6 823;614;885;227;191;36
6573;Football;Liga Portugal;Sporting-Rio Ave;Buteur MT;Rodrigo Ribeiro;122718443;3,4;1;0 %;1;0 %;1;0 %;100 %;1;7 971;7 971;7 705;3;4;0;0;0
6573;Football;Liga Portugal;Sporting-Rio Ave;Buteur MT;Francisco Trincao;122718439;3,9;1 067;9 %;1 410;8 %;832;11 %;78 %;146;4 470;4 470;4 387;2 665;3 504;578;498;80
6573;Football;Liga Portugal;Sporting-Rio Ave;Buteur MT;Alisson de Almeida Santos;122718444;4,45;7;0 %;8;0 %;7;0 %;100 %;2;7 942;7 942;7 676;25;32;1;1;0
6573;Football;Liga Portugal;Sporting-Rio Ave;Buteur MT;Goncalves, Flavio;122718453;4,7;0;0 %;0;0 %;0;0 %;0 %;0;7 974;7 974;7 708;0;0;0;0;0
6573;Football;Liga Portugal;Sporting-Rio Ave;Buteur MT;Maximiliano Araujo;122718452;5;329;3 %;355;2 %;309;4 %;94 %;33;6 410;6 357;6 157;1 295;1 551;46;23;23
6573;Football;Liga Portugal;Sporting-Rio Ave;Buteur MT;Blopa, Salvador;122718428;6,2;0;0 %;0;0 %;0;0 %;0 %;0;7 974;7 974;7 708;0;0;0;0;0
6573;Football;Liga Portugal;Sporting-Rio Ave;Buteur MT;Morten Hjulmand;122718449;6,5;4;0 %;9;0 %;0;0 %;0 %;3;7 974;7 974;7 708;0;0;9;6;3
6573;Football;Liga Portugal;Sporting-Rio Ave;Buteur MT;Giorgi Kochorashvili;122718448;6,6;9;0 %;9;0 %;8;0 %;89 %;2;7 918;7 918;7 652;48;56;1;1;0
6573;Football;Liga Portugal;Sporting-Rio Ave;Buteur MT;Clayton;122718447;10,8;82;1 %;107;1 %;63;1 %;77 %;20;6 976;6 976;7 038;928;998;44;35;9
6573;Football;Liga Portugal;Sporting-Rio Ave;Buteur MT;Ricardo Mangas;122718440;10,3;0;0 %;0;0 %;0;0 %;0 %;0;7 974;7 974;7 708;0;0;0;0;0
6573;Football;Liga Portugal;Sporting-Rio Ave;Buteur MT;Hidemasa Morita;122718432;10,3;0;0 %;0;0 %;0;0 %;0 %;0;7 974;7 974;7 708;0;0;0;0;0
6573;Football;Liga Portugal;Sporting-Rio Ave;Buteur MT;Joao Pedro Aranuth Barrocas Simoes;122718445;10,3;0;0 %;0;0 %;0;0 %;0 %;0;7 974;7 974;7 708;0;0;0;0;0
6573;Football;Liga Portugal;Sporting-Rio Ave;Buteur MT;Marc Gual;122718446;16;0;0 %;0;0 %;0;0 %;0 %;0;7 974;7 974;7 708;0;0;0;0;0
6573;Football;Liga Portugal;Sporting-Rio Ave;Buteur MT;Andre Luiz;122718437;16;23;0 %;36;0 %;16;0 %;70 %;3;7 742;7 742;7 476;216;232;20;20;0
6573;Football;Liga Portugal;Sporting-Rio Ave;Buteur MT;Karem Zoabi;122718429;18;0;0 %;0;0 %;0;0 %;0 %;0;7 974;7 974;7 708;0;0;0;0;0
6573;Football;Liga Portugal;Sporting-Rio Ave;Buteur MT;Dario Spikic;122718436;18;12;0 %;12;0 %;12;0 %;100 %;2;7 758;7 758;7 492;204;216;0;0;0
6573;Football;Liga Portugal;Sporting-Rio Ave;Buteur MT;Ole Pohlmann;122718434;18;26;0 %;26;0 %;26;0 %;100 %;2;7 506;7 506;7 240;442;468;0;0;0
6573;Football;Liga Portugal;Sporting-Rio Ave;Buteur MT;Antonis Papakanellos;122718433;18;0;0 %;0;0 %;0;0 %;0 %;0;7 974;7 974;7 708;0;0;0;0;0
6573;Football;Liga Portugal;Sporting-Rio Ave;Buteur MT;Matheus Reis;122718441;15;0;0 %;0;0 %;0;0 %;0 %;0;7 974;7 974;7 708;0;0;0;0;0
6573;Football;Liga Portugal;Sporting-Rio Ave;Buteur MT;Rafael Genuino Lobato;122718435;20;0;0 %;0;0 %;0;0 %;0 %;0;7 974;7 974;7 708;0;0;0;0;0
6573;Football;Liga Portugal;Sporting-Rio Ave;Buteur MT;Goncalo Inacio;122718426;20;0;0 %;0;0 %;0;0 %;0 %;0;7 974;7 974;7 708;0;0;0;0;0
6573;Football;Liga Portugal;Sporting-Rio Ave;Buteur MT;Brandon Aguilera Zamora;122718431;20;0;0 %;0;0 %;0;0 %;0 %;0;7 974;7 974;7 708;0;0;0;0;0
6573;Football;Liga Portugal;Sporting-Rio Ave;Buteur MT;Georgios Vagiannidis;122718423;20;0;0 %;0;0 %;0;0 %;0 %;0;7 974;7 974;7 708;0;0;0;0;0
6573;Football;Liga Portugal;Sporting-Rio Ave;Buteur MT;Joao Graca;122718430;20;0;0 %;0;0 %;0;0 %;0 %;0;7 974;7 974;7 708;0;0;0;0;0
6573;Football;Liga Portugal;Sporting-Rio Ave;Buteur MT;Georgios Liavas;122718438;20;0;0 %;0;0 %;0;0 %;0 %;0;7 974;7 974;7 708;0;0;0;0;0
6573;Football;Liga Portugal;Sporting-Rio Ave;Buteur MT;Quaresma;122718450;20;5;0 %;10;0 %;0;0 %;0 %;1;7 974;7 974;7 708;0;0;10;10;0
6573;Football;Liga Portugal;Sporting-Rio Ave;Buteur MT;Julien Lomboto;122718424;20;0;0 %;0;0 %;0;0 %;0 %;0;7 974;7 974;7 708;0;0;0;0;0
6573;Football;Liga Portugal;Sporting-Rio Ave;Buteur MT;Nikolaos Athanasiou;122718427;20;0;0 %;0;0 %;0;0 %;0 %;0;7 974;7 974;7 708;0;0;0;0;0
6573;Football;Liga Portugal;Sporting-Rio Ave;Buteur MT;Nelson Abbey;122718425;20;0;0 %;0;0 %;0;0 %;0 %;0;7 974;7 974;7 708;0;0;0;0;0
7566;;;;;30265638;;74,53;2 925;100 %;4 663;100 %;2 072;100 %;71 %;806;;;;;;2 591;1 055;1 536
7566;Football;Liga Portugal;Sporting-Rio Ave;Buteur 2 fois ou plus;Luis Javier Suarez;122718343;3,45;2 277;78 %;3 842;82 %;1 571;76 %;69 %;669;-4 430;-5 136;-3 588;5 639;6 558;2 271;1 003;1 268
7566;Football;Liga Portugal;Sporting-Rio Ave;Buteur 2 fois ou plus;Fotis Ioannidis;122718326;5,4;248;8 %;346;7 %;162;8 %;65 %;34;1 292;1 292;1 196;714;876;184;12;172
7566;Football;Liga Portugal;Sporting-Rio Ave;Buteur 2 fois ou plus;Rodrigo Ribeiro;122718347;6,4;0;0 %;0;0 %;0;0 %;0 %;0;2 168;2 168;2 072;0;0;0;0;0
7566;Football;Liga Portugal;Sporting-Rio Ave;Buteur 2 fois ou plus;Francisco Trincao;122718341;8;253;9 %;306;7 %;214;10 %;85 %;63;358;358;347;1 595;1 810;92;35;57
7566;Football;Liga Portugal;Sporting-Rio Ave;Buteur 2 fois ou plus;Alisson de Almeida Santos;122718334;10,5;0;0 %;0;0 %;0;0 %;0 %;0;2 168;2 168;2 072;0;0;0;0;0
7566;Football;Liga Portugal;Sporting-Rio Ave;Buteur 2 fois ou plus;Goncalves, Flavio;122718344;12;0;0 %;0;0 %;0;0 %;0 %;0;2 168;2 168;2 072;0;0;0;0;0
7566;Football;Liga Portugal;Sporting-Rio Ave;Buteur 2 fois ou plus;Maximiliano Araujo;122718338;13;93;3 %;109;2 %;78;4 %;84 %;17;967;967;1 013;1 122;1 201;31;2;29
7566;Football;Liga Portugal;Sporting-Rio Ave;Buteur 2 fois ou plus;Blopa, Salvador;122718345;20;0;0 %;0;0 %;0;0 %;0 %;0;2 168;2 168;2 072;0;0;0;0;0
7566;Football;Liga Portugal;Sporting-Rio Ave;Buteur 2 fois ou plus;Morten Hjulmand;122718348;22;1;0 %;2;0 %;0;0 %;0 %;2;2 168;2 168;2 072;0;0;2;0;2
7566;Football;Liga Portugal;Sporting-Rio Ave;Buteur 2 fois ou plus;Giorgi Kochorashvili;122718323;22;0;0 %;0;0 %;0;0 %;0 %;0;2 168;2 168;2 072;0;0;0;0;0
7566;Football;Liga Portugal;Sporting-Rio Ave;Buteur 2 fois ou plus;Clayton;122718327;60;34;1 %;38;1 %;31;1 %;91 %;11;508;508;412;1 629;1 660;7;3;4
7566;Football;Liga Portugal;Sporting-Rio Ave;Buteur 2 fois ou plus;Ricardo Mangas;122718349;50;5;0 %;5;0 %;5;0 %;100 %;1;1 918;1 918;1 822;245;250;0;0;0
7566;Football;Liga Portugal;Sporting-Rio Ave;Buteur 2 fois ou plus;Hidemasa Morita;122718340;55;0;0 %;0;0 %;0;0 %;0 %;0;2 168;2 168;2 072;0;0;0;0;0
7566;Football;Liga Portugal;Sporting-Rio Ave;Buteur 2 fois ou plus;Joao Pedro Aranuth Barrocas Simoes;122718328;55;6;0 %;6;0 %;6;0 %;100 %;2;1 808;1 808;1 712;354;360;0;0;0
7566;Football;Liga Portugal;Sporting-Rio Ave;Buteur 2 fois ou plus;Marc Gual;122718333;140;1;0 %;1;0 %;0;0 %;0 %;1;2 168;2 168;2 072;0;0;1;0;1
7566;Football;Liga Portugal;Sporting-Rio Ave;Buteur 2 fois ou plus;Andre Luiz;122718342;140;4;0 %;4;0 %;4;0 %;100 %;2;1 688;1 688;1 592;476;480;0;0;0
7566;Football;Liga Portugal;Sporting-Rio Ave;Buteur 2 fois ou plus;Karem Zoabi;122718350;150;1;0 %;2;0 %;0;0 %;0 %;2;2 168;2 168;2 072;0;0;2;0;2
7566;Football;Liga Portugal;Sporting-Rio Ave;Buteur 2 fois ou plus;Dario Spikic;122718351;150;0;0 %;0;0 %;0;0 %;0 %;0;2 168;2 168;2 072;0;0;0;0;0
7566;Football;Liga Portugal;Sporting-Rio Ave;Buteur 2 fois ou plus;Ole Pohlmann;122718337;150;1;0 %;1;0 %;1;0 %;100 %;1;2 018;2 018;1 922;149;150;0;0;0
7566;Football;Liga Portugal;Sporting-Rio Ave;Buteur 2 fois ou plus;Antonis Papakanellos;122718330;150;0;0 %;0;0 %;0;0 %;0 %;0;2 168;2 168;2 072;0;0;0;0;0
7566;Football;Liga Portugal;Sporting-Rio Ave;Buteur 2 fois ou plus;Matheus Reis;122718332;120;0;0 %;0;0 %;0;0 %;0 %;0;2 168;2 168;2 072;0;0;0;0;0
7566;Football;Liga Portugal;Sporting-Rio Ave;Buteur 2 fois ou plus;Rafael Genuino Lobato;122718346;150;0;0 %;0;0 %;0;0 %;0 %;0;2 168;2 168;2 072;0;0;0;0;0
7566;Football;Liga Portugal;Sporting-Rio Ave;Buteur 2 fois ou plus;Goncalo Inacio;122718321;150;0;0 %;0;0 %;0;0 %;0 %;0;2 168;2 168;2 072;0;0;0;0;0
7566;Football;Liga Portugal;Sporting-Rio Ave;Buteur 2 fois ou plus;Brandon Aguilera Zamora;122718336;150;0;0 %;0;0 %;0;0 %;0 %;0;2 168;2 168;2 072;0;0;0;0;0
7566;Football;Liga Portugal;Sporting-Rio Ave;Buteur 2 fois ou plus;Georgios Vagiannidis;122718324;150;0;0 %;0;0 %;0;0 %;0 %;0;2 168;2 168;2 072;0;0;0;0;0
7566;Football;Liga Portugal;Sporting-Rio Ave;Buteur 2 fois ou plus;Joao Graca;122718331;150;0;0 %;0;0 %;0;0 %;0 %;0;2 168;2 168;2 072;0;0;0;0;0
7566;Football;Liga Portugal;Sporting-Rio Ave;Buteur 2 fois ou plus;Georgios Liavas;122718339;150;0;0 %;0;0 %;0;0 %;0 %;0;2 168;2 168;2 072;0;0;0;0;0
7566;Football;Liga Portugal;Sporting-Rio Ave;Buteur 2 fois ou plus;Quaresma;122718329;150;1;0 %;1;0 %;0;0 %;0 %;1;2 168;2 168;2 072;0;0;1;0;1
7566;Football;Liga Portugal;Sporting-Rio Ave;Buteur 2 fois ou plus;Julien Lomboto;122718322;150;0;0 %;0;0 %;0;0 %;0 %;0;2 168;2 168;2 072;0;0;0;0;0
7566;Football;Liga Portugal;Sporting-Rio Ave;Buteur 2 fois ou plus;Nikolaos Athanasiou;122718335;150;0;0 %;0;0 %;0;0 %;0 %;0;2 168;2 168;2 072;0;0;0;0;0
7566;Football;Liga Portugal;Sporting-Rio Ave;Buteur 2 fois ou plus;Nelson Abbey;122718325;150;0;0 %;0;0 %;0;0 %;0 %;0;2 168;2 168;2 072;0;0;0;0;0
7570;;;;;30265634;;43,07;3 391;100 %;5 573;100 %;2 252;100 %;66 %;1 101;;;;;;3 321;1 324;1 997
7570;Football;Liga Portugal;Sporting-Rio Ave;Combiné Buteur;L.Javier Suarez et F.Ioannidis;122718299;3,3;743;22 %;1 152;21 %;533;24 %;72 %;174;-1 117;-1 119;447;2 874;3 475;619;185;434
7570;Football;Liga Portugal;Sporting-Rio Ave;Combiné Buteur;L.Javier Suarez et F.Trincao;122718291;3,95;1 262;37 %;2 587;46 %;568;25 %;45 %;573;-67;-108;-56;1 870;2 413;2 019;816;1 203
7570;Football;Liga Portugal;Sporting-Rio Ave;Combiné Buteur;L.Javier Suarez et A.de Almeida Santos;122718298;4,45;2;0 %;8;0 %;0;0 %;0 %;7;2 359;2 359;2 252;0;0;8;3;5
7570;Football;Liga Portugal;Sporting-Rio Ave;Combiné Buteur;F.Ioannidis et F.Trincao;122718289;4,8;359;11 %;416;7 %;324;14 %;90 %;48;787;783;681;1 251;1 571;92;46;46
7570;Football;Liga Portugal;Sporting-Rio Ave;Combiné Buteur;L.Javier Suarez et M.Araujo;122718296;4,95;473;14 %;647;12 %;411;18 %;87 %;137;312;312;205;1 636;2 047;236;170;66
7570;Football;Liga Portugal;Sporting-Rio Ave;Combiné Buteur;F.Ioannidis et A.de Almeida Santos;122718294;5,4;0;0 %;0;0 %;0;0 %;0 %;0;2 359;2 359;2 252;0;0;0;0;0
7570;Football;Liga Portugal;Sporting-Rio Ave;Combiné Buteur;F.Ioannidis et M.Araujo;122718295;6;169;5 %;206;4 %;144;6 %;85 %;34;1 487;1 472;1 383;740;869;62;11;51
7570;Football;Liga Portugal;Sporting-Rio Ave;Combiné Buteur;F.Trincao et A.de Almeida Santos;122718297;6,5;1;0 %;2;0 %;0;0 %;0 %;1;2 359;2 359;2 252;0;0;2;0;2
7570;Football;Liga Portugal;Sporting-Rio Ave;Combiné Buteur;F.Trincao et M.Araujo;122718288;7,25;238;7 %;271;5 %;221;10 %;93 %;38;748;748;641;1 390;1 611;50;17;33
7570;Football;Liga Portugal;Sporting-Rio Ave;Combiné Buteur;L.Javier Suarez et Clayton;122718292;10,3;111;3 %;239;4 %;23;1 %;21 %;73;2 122;2 122;2 015;214;237;216;69;147
7570;Football;Liga Portugal;Sporting-Rio Ave;Combiné Buteur;A.de Almeida Santos et M.Araujo;122718301;8;0;0 %;0;0 %;0;0 %;0 %;0;2 359;2 359;2 252;0;0;0;0;0
7570;Football;Liga Portugal;Sporting-Rio Ave;Combiné Buteur;F.Ioannidis et Clayton;122718287;12,5;28;1 %;33;1 %;26;1 %;93 %;4;2 024;2 024;1 917;309;335;7;7;0
7570;Football;Liga Portugal;Sporting-Rio Ave;Combiné Buteur;F.Trincao et Clayton;122718293;15;4;0 %;10;0 %;1;0 %;25 %;10;2 344;2 303;2 240;52;13;9;0;9
7570;Football;Liga Portugal;Sporting-Rio Ave;Combiné Buteur;A.de Almeida Santos et Clayton;122718290;16;0;0 %;0;0 %;0;0 %;0 %;0;2 359;2 359;2 252;0;0;0;0;0
7570;Football;Liga Portugal;Sporting-Rio Ave;Combiné Buteur;M.Araujo et Clayton;122718300;18;1;0 %;2;0 %;1;0 %;100 %;2;2 344;2 344;2 237;14;15;1;0;1
7571;;;;;30265633;;15,09;1 419;100 %;2 909;100 %;520;100 %;37 %;276;;;;;;2 389;1 385;1 004
7571;Football;Liga Portugal;Sporting-Rio Ave;Double Chance Buteur MT;L.Javier Suarez ou F.Ioannidis;122718282;1,65;164;12 %;433;15 %;0;0 %;0 %;54;939;923;520;16;0;433;69;364
7571;Football;Liga Portugal;Sporting-Rio Ave;Double Chance Buteur MT;L.Javier Suarez ou F.Trincao;122718280;1,8;960;68 %;1 921;66 %;420;81 %;44 %;177;-305;-342;-237;748;1 244;1 501;1 187;314
7571;Football;Liga Portugal;Sporting-Rio Ave;Double Chance Buteur MT;L.Javier Suarez ou A.de Almeida Santos;122718281;1,85;0;0 %;1;0 %;0;0 %;0 %;1;945;945;520;0;0;1;1;0
7571;Football;Liga Portugal;Sporting-Rio Ave;Double Chance Buteur MT;L.Javier Suarez ou M.Araujo;122718277;1,9;3;0 %;18;1 %;0;0 %;0 %;14;945;945;520;0;0;18;18;0
7571;Football;Liga Portugal;Sporting-Rio Ave;Double Chance Buteur MT;F.Ioannidis ou F.Trincao;122718284;2;185;13 %;406;14 %;0;0 %;0 %;10;-94;-94;520;740;1 040;406;106;300
7571;Football;Liga Portugal;Sporting-Rio Ave;Double Chance Buteur MT;L.Javier Suarez ou Clayton;122718272;2,15;3;0 %;10;0 %;0;0 %;0 %;9;945;945;520;0;0;10;4;6
7571;Football;Liga Portugal;Sporting-Rio Ave;Double Chance Buteur MT;F.Ioannidis ou A.de Almeida Santos;122718278;2,1;0;0 %;0;0 %;0;0 %;0 %;0;945;945;520;0;0;0;0;0
7571;Football;Liga Portugal;Sporting-Rio Ave;Double Chance Buteur MT;F.Ioannidis ou M.Araujo;122718283;2,2;0;0 %;0;0 %;0;0 %;0 %;0;945;945;520;0;0;0;0;0
7571;Football;Liga Portugal;Sporting-Rio Ave;Double Chance Buteur MT;F.Trincao ou A.de Almeida Santos;122718279;2,35;0;0 %;0;0 %;0;0 %;0 %;0;945;945;520;0;0;0;0;0
7571;Football;Liga Portugal;Sporting-Rio Ave;Double Chance Buteur MT;F.Trincao ou M.Araujo;122718286;2,45;104;7 %;120;4 %;100;19 %;96 %;11;700;700;275;145;245;20;0;20
7571;Football;Liga Portugal;Sporting-Rio Ave;Double Chance Buteur MT;F.Ioannidis ou Clayton;122718275;2,6;0;0 %;0;0 %;0;0 %;0 %;0;945;945;520;0;0;0;0;0
7571;Football;Liga Portugal;Sporting-Rio Ave;Double Chance Buteur MT;A.de Almeida Santos ou M.Araujo;122718276;2,6;0;0 %;0;0 %;0;0 %;0 %;0;945;945;520;0;0;0;0;0
7571;Football;Liga Portugal;Sporting-Rio Ave;Double Chance Buteur MT;F.Trincao ou Clayton;122718273;3,05;0;0 %;0;0 %;0;0 %;0 %;0;945;945;520;0;0;0;0;0
7571;Football;Liga Portugal;Sporting-Rio Ave;Double Chance Buteur MT;A.de Almeida Santos ou Clayton;122718274;3,35;0;0 %;0;0 %;0;0 %;0 %;0;945;945;520;0;0;0;0;0
7571;Football;Liga Portugal;Sporting-Rio Ave;Double Chance Buteur MT;M.Araujo ou Clayton;122718285;3,65;0;0 %;0;0 %;0;0 %;0 %;0;945;945;520;0;0;0;0;0
7572;;;;;30265632;;9,9;2 265;100 %;9 684;100 %;9;100 %;0 %;1 425;;;;;;9 675;4 936;4 739
7572;Football;Liga Portugal;Sporting-Rio Ave;Double Chance Buteur;L.Javier Suarez ou F.Ioannidis;122718261;1,2;253;11 %;1 428;15 %;3;33 %;1 %;326;-109;-109;5;240;353;1 425;1 115;310
7572;Football;Liga Portugal;Sporting-Rio Ave;Double Chance Buteur;L.Javier Suarez ou F.Trincao;122718267;1,23;1 677;74 %;6 607;68 %;3;33 %;0 %;723;-69;-71;5;248;304;6 604;2 725;3 879
7572;Football;Liga Portugal;Sporting-Rio Ave;Double Chance Buteur;L.Javier Suarez ou A.de Almeida Santos;122718257;1,26;4;0 %;37;0 %;0;0 %;0 %;15;244;244;9;0;0;37;33;4
7572;Football;Liga Portugal;Sporting-Rio Ave;Double Chance Buteur;L.Javier Suarez ou M.Araujo;122718258;1,3;97;4 %;546;6 %;3;33 %;3 %;93;25;25;5;176;219;543;297;246
7572;Football;Liga Portugal;Sporting-Rio Ave;Double Chance Buteur;F.Ioannidis ou F.Trincao;122718265;1,34;75;3 %;364;4 %;0;0 %;0 %;103;239;211;9;28;0;364;270;94
7572;Football;Liga Portugal;Sporting-Rio Ave;Double Chance Buteur;L.Javier Suarez ou Clayton;122718266;1,42;68;3 %;339;4 %;0;0 %;0 %;60;244;244;9;0;0;339;237;102
7572;Football;Liga Portugal;Sporting-Rio Ave;Double Chance Buteur;F.Ioannidis ou A.de Almeida Santos;122718259;1,4;1;0 %;4;0 %;0;0 %;0 %;2;243;243;9;0;0;4;0;4
7572;Football;Liga Portugal;Sporting-Rio Ave;Double Chance Buteur;F.Ioannidis ou M.Araujo;122718263;1,42;5;0 %;28;0 %;0;0 %;0 %;10;244;244;9;0;0;28;27;1
7572;Football;Liga Portugal;Sporting-Rio Ave;Double Chance Buteur;F.Trincao ou A.de Almeida Santos;122718260;1,5;3;0 %;15;0 %;0;0 %;0 %;1;244;244;9;0;0;15;15;0
7572;Football;Liga Portugal;Sporting-Rio Ave;Double Chance Buteur;F.Trincao ou M.Araujo;122718270;1,56;61;3 %;245;3 %;0;0 %;0 %;64;244;244;9;0;0;245;165;80
7572;Football;Liga Portugal;Sporting-Rio Ave;Double Chance Buteur;F.Ioannidis ou Clayton;122718271;1,65;0;0 %;2;0 %;0;0 %;0 %;2;244;244;9;0;0;2;2;0
7572;Football;Liga Portugal;Sporting-Rio Ave;Double Chance Buteur;A.de Almeida Santos ou M.Araujo;122718268;1,65;9;0 %;21;0 %;0;0 %;0 %;5;229;219;9;10;0;21;6;15
7572;Football;Liga Portugal;Sporting-Rio Ave;Double Chance Buteur;F.Trincao ou Clayton;122718262;1,85;10;0 %;41;0 %;0;0 %;0 %;15;244;244;9;0;0;41;37;4
7572;Football;Liga Portugal;Sporting-Rio Ave;Double Chance Buteur;A.de Almeida Santos ou Clayton;122718264;2;0;0 %;2;0 %;0;0 %;0 %;1;244;244;9;0;0;2;2;0
7572;Football;Liga Portugal;Sporting-Rio Ave;Double Chance Buteur;M.Araujo ou Clayton;122718269;2,15;1;0 %;5;0 %;0;0 %;0 %;5;244;244;9;0;0;5;5;0
7703;;;;;30248174;;45,03;3 475;100 %;22 796;100 %;0;0 %;0 %;2 305;;;;;;22 796;13 815;8 981
7703;Football;Liga Portugal;Sporting-Rio Ave;Double chance;1/N;122619519;1,01;3 172;91 %;20 714;91 %;0;0 %;0 %;1 872;-2 822;-3 966;0;4 052;6 541;20 714;12 310;8 404
7703;Football;Liga Portugal;Sporting-Rio Ave;Double chance;N/2;122619517;3,85;28;1 %;140;1 %;0;0 %;0 %;51;5 109;5 100;0;274;270;140;112;28
7703;Football;Liga Portugal;Sporting-Rio Ave;Double chance;1/2;122619518;1,03;275;8 %;1 942;9 %;0;0 %;0 %;382;5 287;5 230;0;70;18;1 942;1 393;549
7705;;;;;30248104;;86,1;4 676;100 %;19 008;100 %;146;100 %;3 %;4 490;;;;;;18 862;10 577;8 285
7705;Football;Liga Portugal;Sporting-Rio Ave;Les 2 équipes marquent;Oui;122619175;2,55;4 549;97 %;18 281;96 %;146;100 %;3 %;4 283;-1 032;-1 132;-223;1 132;1 264;18 135;10 092;8 043
7705;Football;Liga Portugal;Sporting-Rio Ave;Les 2 équipes marquent;Non;122619174;1,3;126;3 %;727;4 %;0;0 %;0 %;207;282;282;146;0;0;727;485;242
7707;;;;;30248208;;85,8;2 626;100 %;8 755;100 %;247;100 %;9 %;1 209;;;;;;8 508;2 915;5 593
7707;Football;Liga Portugal;Sporting-Rio Ave;Plus/Moins;Plus 3.5;122619648;1,85;2 354;90 %;7 552;86 %;227;92 %;10 %;958;-524;-544;-176;565;821;7 325;2 234;5 091
7707;Football;Liga Portugal;Sporting-Rio Ave;Plus/Moins;Moins 3.5;122619649;1,6;271;10 %;1 203;14 %;20;8 %;7 %;251;282;281;215;13;32;1 183;681;502
7708;;;;;30248127;;88,28;1 915;100 %;4 747;100 %;935;100 %;49 %;878;;;;;;3 812;2 187;1 625
7708;Football;Liga Portugal;Sporting-Rio Ave;Plus/Moins Rio Ave;Plus 0,5;122619266;2,45;1 912;100 %;4 705;99 %;935;100 %;49 %;861;-1 772;-1 829;-1 238;1 829;2 814;3 770;2 145;1 625
7708;Football;Liga Portugal;Sporting-Rio Ave;Plus/Moins Rio Ave;Moins 0,5;122619265;1,38;4;0 %;42;1 %;0;0 %;0 %;17;1 059;1 059;935;0;0;42;42;0
7709;;;;;30248147;;88,18;2 233;100 %;9 283;100 %;177;100 %;8 %;1 854;;;;;;9 106;5 459;3 647
7709;Football;Liga Portugal;Sporting-Rio Ave;Plus/Moins Sporting;Plus 2,5;122619393;1,52;2 222;99 %;9 197;99 %;177;100 %;8 %;1 832;-1 110;-1 444;-99;1 444;1 424;9 020;5 395;3 625
7709;Football;Liga Portugal;Sporting-Rio Ave;Plus/Moins Sporting;Moins 2,5;122619392;2,1;12;1 %;86;1 %;0;0 %;0 %;22;354;354;177;0;0;86;64;22
16761;;;;;30248118;;87,21;1 110;100 %;3 407;100 %;183;100 %;16 %;487;;;;;;3 224;1 920;1 304
16761;Football;Liga Portugal;Sporting-Rio Ave;Plus/Moins MT;Plus 1.5;122619230;1,85;960;87 %;3 174;93 %;63;34 %;7 %;471;-195;-235;68;355;453;3 111;1 877;1 234
16761;Football;Liga Portugal;Sporting-Rio Ave;Plus/Moins MT;Moins 1.5;122619231;1,65;150;13 %;233;7 %;120;66 %;80 %;16;107;107;-15;78;198;113;43;70
16808;;;;;30248138;;88,55;6 142;100 %;31 934;100 %;21;100 %;0 %;3 372;;;;;;31 913;19 390;12 523
16808;Football;Liga Portugal;Sporting-Rio Ave;Plus/Moins Sporting;Plus 1,5;122619305;1,15;6 142;100 %;31 933;100 %;21;100 %;0 %;3 371;-4 922;-6 042;-4;6 042;7 658;31 912;19 389;12 523
16808;Football;Liga Portugal;Sporting-Rio Ave;Plus/Moins Sporting;Moins 1,5;122619306;3,85;0;0 %;1;0 %;0;0 %;0 %;1;4 038;4 038;21;0;0;1;1;0
16844;;;;;30248108;;84,93;3 589;100 %;20 607;100 %;17;100 %;0 %;4 131;;;;;;20 590;15 806;4 784
16844;Football;Liga Portugal;Sporting-Rio Ave;Plus/Moins;Plus 2.5;122619192;1,3;3 530;98 %;20 380;99 %;15;88 %;0 %;4 055;-2 789;-3 066;-2;3 068;3 962;20 365;15 708;4 657
16844;Football;Liga Portugal;Sporting-Rio Ave;Plus/Moins;Moins 2.5;122619191;2,45;59;2 %;227;1 %;2;12 %;3 %;76;1 286;1 286;12;3;5;225;98;127
16879;;;;;30248212;;87,36;1 478;100 %;11 228;100 %;0;0 %;0 %;1 362;;;;;;11 228;8 767;2 461
16879;Football;Liga Portugal;Sporting-Rio Ave;Plus/Moins;Plus 1.5;122619656;1,09;1 475;100 %;11 216;100 %;0;0 %;0 %;1 356;-354;-423;0;423;818;11 216;8 757;2 459
16879;Football;Liga Portugal;Sporting-Rio Ave;Plus/Moins;Moins 1.5;122619657;4,4;3;0 %;12;0 %;0;0 %;0 %;6;797;797;0;0;0;12;10;2
17231;;;;;30248149;;83,44;1 460;100 %;3 444;100 %;651;100 %;45 %;743;;;;;;2 793;1 956;837
17231;Football;Liga Portugal;Sporting-Rio Ave;1/N/2 H_MT;1;122619397;2,3;1 392;95 %;3 159;92 %;641;98 %;46 %;639;-1 106;-1 230;-913;1 247;1 787;2 518;1 758;760
17231;Football;Liga Portugal;Sporting-Rio Ave;1/N/2 H_MT;N;122619398;2,5;53;4 %;252;7 %;0;0 %;0 %;94;703;681;651;44;26;252;178;74
17231;Football;Liga Portugal;Sporting-Rio Ave;1/N/2 H_MT;2;122619396;2,75;15;1 %;33;1 %;10;2 %;67 %;10;705;705;624;18;28;23;20;3
17324;;;;;30285458;;13,09;2 378;100 %;7 029;100 %;411;100 %;17 %;788;;;;;;6 618;2 580;4 038
17324;Football;Liga Portugal;Sporting-Rio Ave;Joueur décisif;Luis Javier Suarez;122802991;1,31;1 630;69 %;5 583;79 %;0;0 %;0 %;571;341;224;411;192;89;5 583;2 254;3 329
17324;Football;Liga Portugal;Sporting-Rio Ave;Joueur décisif;Fotis Ioannidis;122802994;1,44;119;5 %;371;5 %;0;0 %;0 %;55;454;454;411;0;0;371;114;257
17324;Football;Liga Portugal;Sporting-Rio Ave;Joueur décisif;Maximiliano Araujo;122802996;1,8;143;6 %;411;6 %;0;0 %;0 %;73;454;454;411;0;0;411;101;310
17324;Football;Liga Portugal;Sporting-Rio Ave;Joueur décisif;Alisson de Almeida Santos;122802988;1,9;15;1 %;53;1 %;0;0 %;0 %;5;454;454;411;0;0;53;1;52
17324;Football;Liga Portugal;Sporting-Rio Ave;Joueur décisif;Giorgi Kochorashvili;122802986;1,95;0;0 %;2;0 %;0;0 %;0 %;2;454;454;411;0;0;2;2;0
17324;Football;Liga Portugal;Sporting-Rio Ave;Joueur décisif;Hidemasa Morita;122802983;2;6;0 %;13;0 %;3;1 %;50 %;3;443;430;405;16;6;10;0;10
17324;Football;Liga Portugal;Sporting-Rio Ave;Joueur décisif;Ricardo Mangas;122802980;2,4;1;0 %;3;0 %;0;0 %;0 %;1;454;454;411;0;0;3;3;0
17324;Football;Liga Portugal;Sporting-Rio Ave;Joueur décisif;Joao Pedro Aranuth Barrocas Simoes;122802999;2,4;0;0 %;1;0 %;0;0 %;0 %;1;454;454;411;0;0;1;0;1
17324;Football;Liga Portugal;Sporting-Rio Ave;Joueur décisif;Morten Hjulmand;122802979;2,55;318;13 %;352;5 %;308;75 %;97 %;21;-332;-332;-375;478;786;44;31;13
17324;Football;Liga Portugal;Sporting-Rio Ave;Joueur décisif;Georgios Vagiannidis;122802987;2,8;50;2 %;51;1 %;50;12 %;100 %;2;312;312;269;93;143;1;0;1
17324;Football;Liga Portugal;Sporting-Rio Ave;Joueur décisif;Matheus Reis;122802992;3,05;0;0 %;0;0 %;0;0 %;0 %;0;454;454;411;0;0;0;0;0
17324;Football;Liga Portugal;Sporting-Rio Ave;Joueur décisif;Goncalo Inacio;122802998;3,3;2;0 %;2;0 %;2;0 %;100 %;1;447;447;404;5;7;0;0;0
17324;Football;Liga Portugal;Sporting-Rio Ave;Joueur décisif;Clayton;122802990;4,35;50;2 %;111;2 %;25;6 %;50 %;28;349;349;306;80;105;86;61;25
17324;Football;Liga Portugal;Sporting-Rio Ave;Joueur décisif;Ole Pohlmann;122802984;4,55;0;0 %;0;0 %;0;0 %;0 %;0;454;454;411;0;0;0;0;0
17324;Football;Liga Portugal;Sporting-Rio Ave;Joueur décisif;Andre Luiz;122802982;5;42;2 %;71;1 %;23;6 %;55 %;22;345;345;302;86;109;48;8;40
17324;Football;Liga Portugal;Sporting-Rio Ave;Joueur décisif;Quaresma;122802985;4,35;0;0 %;0;0 %;0;0 %;0 %;0;454;454;411;0;0;0;0;0
17324;Football;Liga Portugal;Sporting-Rio Ave;Joueur décisif;Dario Spikic;122802989;5,3;0;0 %;0;0 %;0;0 %;0 %;0;454;454;411;0;0;0;0;0
17324;Football;Liga Portugal;Sporting-Rio Ave;Joueur décisif;Marc Gual;122803000;5,6;0;0 %;0;0 %;0;0 %;0 %;0;454;454;411;0;0;0;0;0
17324;Football;Liga Portugal;Sporting-Rio Ave;Joueur décisif;Brandon Aguilera Zamora;122802993;7,25;0;0 %;0;0 %;0;0 %;0 %;0;454;454;411;0;0;0;0;0
17324;Football;Liga Portugal;Sporting-Rio Ave;Joueur décisif;Georgios Liavas;122802997;7,5;0;0 %;0;0 %;0;0 %;0 %;0;454;454;411;0;0;0;0;0
17324;Football;Liga Portugal;Sporting-Rio Ave;Joueur décisif;Julien Lomboto;122802978;8,25;0;0 %;1;0 %;0;0 %;0 %;1;454;454;411;0;0;1;1;0
17324;Football;Liga Portugal;Sporting-Rio Ave;Joueur décisif;Nikolaos Athanasiou;122802981;8,5;0;0 %;2;0 %;0;0 %;0 %;1;454;454;411;0;0;2;2;0
17324;Football;Liga Portugal;Sporting-Rio Ave;Joueur décisif;Nelson Abbey;122802995;8,75;0;0 %;2;0 %;0;0 %;0 %;1;454;454;411;0;0;2;2;0
136;;;;;30132640;;88,49;1 256;100 %;7 675;100 %;45;100 %;4 %;2 589;;;;;;7 630;3 990;3 640
136;Football;Championship;Leicester-Derby;1/N/2;1;121958411;1,98;968;77 %;6 565;86 %;16;36 %;2 %;2 225;482;248;13;250;32;6 549;3 823;2 726
136;Football;Championship;Leicester-Derby;1/N/2;N;121958412;3,2;262;21 %;929;12 %;29;64 %;11 %;256;159;-794;-46;1 024;101;900;108;792
136;Football;Championship;Leicester-Derby;1/N/2;2;121958413;3,2;26;2 %;181;2 %;0;0 %;0 %;108;678;624;45;54;0;181;59;122
129;;;;;29908916;;93,41;45 509;100 %;335 558;100 %;3 571;100 %;8 %;75 388;;;;;;331 987;237 049;94 938
129;Football;Serie A;AS Rome-Genoa;1/N/2;1;120662430;1,62;42 364;93 %;330 061;98 %;1 155;32 %;3 %;74 364;-86 696;-169 958;1 728;172 767;101 707;328 906;235 116;93 790
129;Football;Serie A;AS Rome-Genoa;1/N/2;N;120662431;3,6;2 927;6 %;4 877;1 %;2 290;64 %;78 %;795;20 266;19 040;-4 631;9 671;10 895;2 587;1 601;986
129;Football;Serie A;AS Rome-Genoa;1/N/2;2;120662429;5,7;217;0 %;620;0 %;126;4 %;58 %;229;30 610;30 472;2 862;754;743;494;332;162
1072;;;;;30257591;;45,77;3 973;100 %;32 226;100 %;270;100 %;7 %;4 024;;;;;;31 956;18 061;13 895
1072;Football;Serie A;AS Rome-Genoa;Double chance;1/N;122677182;1,13;3 810;96 %;30 472;95 %;270;100 %;7 %;3 505;-652;-1 165;-32;1 177;2 446;30 202;16 860;13 342
1072;Football;Serie A;AS Rome-Genoa;Double chance;N/2;122677181;2;5;0 %;40;0 %;0;0 %;0 %;23;2 121;2 121;270;0;0;40;35;5
1072;Football;Serie A;AS Rome-Genoa;Double chance;1/2;122677183;1,25;159;4 %;1 714;5 %;0;0 %;0 %;496;2 108;2 106;270;3;3;1 714;1 166;548
446;;;;;29104400;;88,54;5 960;100 %;47 744;100 %;348;100 %;6 %;11 197;;;;;;47 396;28 315;19 081
446;Football;D1 Ar.Saoudite;Al Taawon-Al Najma;1/N/2;1;116307713;1,38;5 912;99 %;47 595;100 %;334;96 %;6 %;11 110;-1 022;-8 989;-114;9 012;1 605;47 261;28 258;19 003
446;Football;D1 Ar.Saoudite;Al Taawon-Al Najma;1/N/2;N;116307714;4,25;20;0 %;79;0 %;7;2 %;35 %;52;5 367;5 361;320;38;40;72;39;33
446;Football;D1 Ar.Saoudite;Al Taawon-Al Najma;1/N/2;2;116307712;5,9;28;0 %;70;0 %;7;2 %;25 %;35;5 366;5 338;311;58;37;63;18;45
411;;;;;28772637;;92,24;42 565;100 %;267 005;100 %;1 053;100 %;2 %;52 543;;;;;;265 952;170 367;95 585
411;Football;CAN;Comores-Mali;1/N/2;1;114497363;6,7;755;2 %;2 373;1 %;318;30 %;42 %;915;11 197;9 981;-2 202;7 151;6 303;2 055;1 390;665
411;Football;CAN;Comores-Mali;1/N/2;N;114497364;4;580;1 %;1 731;1 %;270;26 %;47 %;712;16 262;15 896;-134;1 343;1 254;1 461;992;469
411;Football;CAN;Comores-Mali;1/N/2;2;114497365;1,46;41 230;97 %;262 901;98 %;465;44 %;1 %;50 916;-2 592;-33 789;365;34 630;4 814;262 436;167 985;94 451
3386;;;;;30257131;;89,72;1 616;100 %;2 872;100 %;1 400;100 %;87 %;496;;;;;;1 472;1 174;298
3386;Football;CAN;Comores-Mali;Plus/Moins Mali;Plus 1,5;122675493;1,7;914;57 %;2 147;75 %;700;50 %;77 %;474;196;155;196;545;1 204;1 447;1 150;297
3386;Football;CAN;Comores-Mali;Plus/Moins Mali;Moins 1,5;122675494;1,9;702;43 %;725;25 %;700;50 %;100 %;22;132;132;84;616;1 316;25;24;1
18308;;;;;30257110;;45,73;4 185;100 %;36 285;100 %;4;100 %;0 %;3 865;;;;;;36 281;23 182;13 099
18308;Football;CAN;Comores-Mali;Double chance;1/N;122675388;2,25;24;1 %;198;1 %;0;0 %;0 %;90;1 278;1 278;4;0;0;198;166;32
18308;Football;CAN;Comores-Mali;Double chance;N/2;122675387;1,1;3 974;95 %;33 732;93 %;4;100 %;0 %;3 248;-48;-1 030;0;1 038;172;33 728;21 318;12 410
18308;Football;CAN;Comores-Mali;Double chance;1/2;122675386;1,2;187;4 %;2 355;6 %;0;0 %;0 %;527;1 270;1 256;4;14;0;2 355;1 698;657
472;;;;;28767667;;87,4;3 118;100 %;15 955;100 %;846;100 %;27 %;4 958;;;;;;15 109;9 634;5 475
472;Football;D1 Australie;Melbourne Vic-Wellington;1/N/2;1;114478641;1,52;1 991;64 %;13 652;86 %;69;8 %;3 %;4 191;726;-949;741;2 069;573;13 583;8 855;4 728
472;Football;D1 Australie;Melbourne Vic-Wellington;1/N/2;N;114478643;3,9;332;11 %;1 030;6 %;111;13 %;33 %;504;1 632;926;413;1 193;605;919;473;446
472;Football;D1 Australie;Melbourne Vic-Wellington;1/N/2;2;114478642;4,35;795;26 %;1 273;8 %;666;79 %;84 %;263;-911;-1 319;-2 051;2 974;3 236;607;306;301
326;;;;;30257228;;85,98;9 706;100 %;28 653;100 %;264;100 %;3 %;2 814;;;;;;28 389;9 467;18 922
326;Football;CAN;Zambie-Maroc;1/N/2 H;1;122675933;4,1;7;0 %;46;0 %;0;0 %;0 %;31;15 118;15 111;264;27;21;46;28;18
326;Football;CAN;Zambie-Maroc;1/N/2 H;N;122675935;3,4;50;1 %;181;1 %;2;1 %;4 %;92;14 995;14 833;257;295;136;179;81;98
326;Football;CAN;Zambie-Maroc;1/N/2 H;2;122675934;1,6;9 648;99 %;28 426;99 %;262;99 %;3 %;2 691;-25 580;-26 649;-155;26 663;39 075;28 164;9 358;18 806
327;;;;;30257302;;85,66;1 327;100 %;8 445;100 %;168;100 %;13 %;1 256;;;;;;8 277;5 721;2 556
327;Football;CAN;Zambie-Maroc;1/N/2 MT;1;122676246;11,9;37;3 %;77;1 %;26;15 %;70 %;24;29;29;-96;347;374;51;44;7
327;Football;CAN;Zambie-Maroc;1/N/2 MT;N;122676245;2,4;91;7 %;440;5 %;22;13 %;24 %;106;350;350;115;31;53;418;355;63
327;Football;CAN;Zambie-Maroc;1/N/2 MT;2;122676247;1,5;1 199;90 %;7 928;94 %;120;71 %;10 %;1 126;-62;-340;-12;389;256;7 808;5 322;2 486
410;;;;;28772636;;92,52;53 372;100 %;358 535;100 %;2 394;100 %;4 %;59 554;;;;;;356 141;229 967;126 174
410;Football;CAN;Zambie-Maroc;1/N/2;1;114497360;14,5;462;1 %;1 245;0 %;253;11 %;55 %;456;24 774;24 498;-869;6 474;6 466;992;603;389
410;Football;CAN;Zambie-Maroc;1/N/2;N;114497362;5,6;337;1 %;1 077;0 %;137;6 %;41 %;447;30 442;30 366;1 677;737;805;940;616;324
410;Football;CAN;Zambie-Maroc;1/N/2;2;114497361;1,2;52 573;99 %;356 213;99 %;2 004;84 %;4 %;58 651;-23 990;-44 190;5;44 643;42 682;354 209;228 748;125 461
10458;;;;;30257209;;45,81;2 203;100 %;14 152;100 %;0;0 %;0 %;1 127;;;;;;14 152;7 360;6 792
10458;Football;CAN;Zambie-Maroc;Double chance;1/N;122675806;3,3;19;1 %;84;1 %;0;0 %;0 %;28;1 328;1 328;0;0;0;84;80;4
10458;Football;CAN;Zambie-Maroc;Double chance;N/2;122675805;1,03;2 123;96 %;13 361;94 %;0;0 %;0 %;916;-338;-464;0;471;600;13 361;6 730;6 631
10458;Football;CAN;Zambie-Maroc;Double chance;1/2;122675804;1,1;61;3 %;707;5 %;0;0 %;0 %;183;1 315;1 315;0;6;12;707;550;157
423;;;;;28775500;;91,98;38 619;100 %;234 583;100 %;1 373;100 %;4 %;51 662;;;;;;233 210;161 142;72 068
423;Football;CAN;Zimbabwe-Afrique du Sud;1/N/2;1;114509112;4,85;345;1 %;1 203;1 %;130;9 %;38 %;569;36 584;36 160;736;1 020;735;1 073;656;417
423;Football;CAN;Zimbabwe-Afrique du Sud;1/N/2;N;114509113;3,5;771;2 %;2 658;1 %;279;20 %;36 %;1 050;36 062;35 483;397;1 480;1 202;2 379;1 570;809
423;Football;CAN;Zimbabwe-Afrique du Sud;1/N/2;2;114509111;1,68;37 503;97 %;230 722;98 %;964;70 %;3 %;50 043;-4 313;-64 195;-258;64 806;6 699;229 758;158 916;70 842
3378;;;;;30255782;;45,94;5 598;100 %;50 531;100 %;0;0 %;0 %;6 305;;;;;;50 531;33 993;16 538
3378;Football;CAN;Zimbabwe-Afrique du Sud;Double chance;1/N;122673752;1,92;15;0 %;161;0 %;0;0 %;0 %;74;5 590;5 586;0;5;0;161;109;52
3378;Football;CAN;Zimbabwe-Afrique du Sud;Double chance;N/2;122673753;1,16;5 295;95 %;46 616;92 %;0;0 %;0 %;5 287;-384;-4 167;0;4 308;975;46 616;30 731;15 885
3378;Football;CAN;Zimbabwe-Afrique du Sud;Double chance;1/2;122673754;1,26;288;5 %;3 754;7 %;0;0 %;0 %;944;5 459;5 388;0;71;0;3 754;3 153;601
412;;;;;28775499;;91,42;21 095;100 %;132 674;100 %;2 583;100 %;12 %;35 237;;;;;;130 091;100 885;29 206
412;Football;CAN;Angola-Egypte;1/N/2;1;114509108;2,85;1 132;5 %;5 511;4 %;259;10 %;23 %;1 766;11 906;10 286;1 861;2 490;1 166;5 252;3 558;1 694
412;Football;CAN;Angola-Egypte;1/N/2;N;114509110;2,85;1 530;7 %;6 412;5 %;269;10 %;18 %;2 784;11 316;9 843;1 826;2 798;1 664;6 143;4 193;1 950
412;Football;CAN;Angola-Egypte;1/N/2;2;114509109;2,55;18 433;87 %;120 751;91 %;2 055;80 %;11 %;30 687;-10 673;-40 702;-2 625;42 333;15 568;118 696;93 134;25 562
3361;;;;;30255658;;86,36;1 414;100 %;11 246;100 %;1;100 %;0 %;3 735;;;;;;11 245;8 441;2 804
3361;Football;CAN;Angola-Egypte;Les 2 équipes marquent;Oui;122673198;1,95;1 387;98 %;11 076;98 %;1;100 %;0 %;3 668;-292;-1 444;-1;1 445;312;11 075;8 290;2 785
3361;Football;CAN;Angola-Egypte;Les 2 équipes marquent;Non;122673197;1,55;27;2 %;170;2 %;0;0 %;0 %;67;476;475;1;1;0;170;151;19
3367;;;;;30255652;;45,98;4 708;100 %;42 891;100 %;20;100 %;0 %;7 698;;;;;;42 871;28 321;14 550
3367;Football;CAN;Angola-Egypte;Double chance;1/N;122673177;1,42;262;6 %;2 402;6 %;0;0 %;0 %;560;5 907;5 735;20;172;0;2 402;1 785;617
3367;Football;CAN;Angola-Egypte;Double chance;N/2;122673179;1,35;4 057;86 %;36 145;84 %;0;0 %;0 %;5 923;-154;-4 791;20;5 154;838;36 145;22 865;13 280
3367;Football;CAN;Angola-Egypte;Double chance;1/2;122673178;1,37;389;8 %;4 344;10 %;20;100 %;5 %;1 215;5 849;5 673;-7;183;27;4 324;3 671;653
